id,name,team,position,assist,chance_created,goals_score,goals_conceded,total_points,price,code
0,Bernd Leno,Arsenal,Goalkeepers,0,0,0,9,4,46,80201
1,Rúnar Alex Rúnarsson,Arsenal,Goalkeepers,0,0,0,0,0,40,115918
2,Willian Borges Da Silva,Arsenal,Midfielders,0,0,0,0,0,63,47431
3,Pierre-Emerick Aubameyang,Arsenal,Forwards,1,114,4,8,38,101,54694
4,Cédric Soares,Arsenal,Defenders,0,36,0,7,1,42,58822
5,Alexandre Lacazette,Arsenal,Forwards,0,73,1,2,12,83,59966
6,Granit Xhaka,Arsenal,Midfielders,0,53,0,10,4,49,84450
7,Pablo Marí,Arsenal,Defenders,0,12,0,4,1,42,92371
8,Héctor Bellerín,Arsenal,Defenders,0,0,0,0,0,48,98745
9,Calum Chambers,Arsenal,Defenders,0,17,0,7,1,42,101184
10,Sead Kolasinac,Arsenal,Defenders,0,0,0,5,0,43,111457
11,Mohamed Naser El Sayed Elneny,Arsenal,Midfielders,0,21,0,2,2,45,153256
12,Ainsley Maitland-Niles,Arsenal,Midfielders,0,41,0,2,11,53,154043
13,Rob Holding,Arsenal,Defenders,0,0,0,7,0,42,156074
14,Thomas Partey,Arsenal,Midfielders,0,77,1,4,20,50,167199
15,Kieran Tierney,Arsenal,Defenders,0,167,0,12,24,48,192895
16,Nicolas Pépé,Arsenal,Midfielders,2,187,0,6,20,70,195735
17,Lucas Torreira,Arsenal,Midfielders,0,0,0,0,0,45,198849
18,Edward Nketiah,Arsenal,Forwards,0,0,0,0,0,54,205533
19,Emile Smith Rowe,Arsenal,Midfielders,2,221,4,13,57,58,209289
20,Bukayo Saka,Arsenal,Midfielders,3,269,1,8,40,63,223340
21,Gabriel Magalhães,Arsenal,Defenders,0,26,1,4,46,51,226597
22,Konstantinos Mavropanos,Arsenal,Defenders,0,0,0,0,0,45,233963
23,Mattéo Guendouzi,Arsenal,Midfielders,0,0,0,0,0,45,242166
24,Gabriel Teodoro Martinelli Silva,Arsenal,Midfielders,1,40,0,3,10,52,444145
25,William Saliba,Arsenal,Defenders,0,0,0,0,0,45,462424
26,Ben White,Arsenal,Defenders,0,56,0,6,39,44,198869
27,Nuno Varela Tavares,Arsenal,Defenders,0,39,0,1,17,43,437626
28,Albert Sambi Lokonga,Arsenal,Midfielders,0,108,0,6,18,48,437742
29,Folarin Balogun,Arsenal,Forwards,0,4,0,1,2,48,232223
30,Reiss Nelson,Arsenal,Midfielders,0,12,0,1,1,50,200641
31,Karl Hein,Arsenal,Goalkeepers,0,0,0,0,0,40,463748
32,Martin Ødegaard,Arsenal,Midfielders,0,140,1,7,25,55,184029
33,Aaron Ramsdale,Arsenal,Goalkeepers,0,0,0,4,46,47,225321
34,Arthur Okonkwo,Arsenal,Goalkeepers,0,0,0,0,0,40,220682
35,Takehiro Tomiyasu,Arsenal,Defenders,0,62,0,4,34,46,223723
36,Jed Steer,Aston Villa,Goalkeepers,0,0,0,3,1,40,79852
37,Conor Hourihane,Aston Villa,Midfielders,0,0,0,0,0,49,85242
38,Emiliano Martínez,Aston Villa,Goalkeepers,0,0,0,17,44,55,98980
39,Björn Engels,Aston Villa,Defenders,0,0,0,0,0,45,108156
40,Bertrand Traoré,Aston Villa,Midfielders,1,3,0,1,7,57,110504
41,Morgan Sanson,Aston Villa,Midfielders,0,0,0,0,0,50,122775
42,John McGinn,Aston Villa,Midfielders,1,212,2,19,33,58,122806
43,Kortney Hause,Aston Villa,Defenders,0,2,1,6,17,44,123354
44,Mahmoud Ahmed Ibrahim Hassan,Aston Villa,Midfielders,0,0,0,0,0,54,148508
45,Tyrone Mings,Aston Villa,Defenders,2,26,0,17,31,49,149484
46,Matt Targett,Aston Villa,Defenders,1,197,0,19,19,47,169359
47,Ollie Watkins,Aston Villa,Forwards,1,95,2,16,27,73,178301
48,Marvelous Nakamba,Aston Villa,Midfielders,0,13,0,12,10,45,184704
49,Anwar El Ghazi,Aston Villa,Midfielders,0,70,1,6,14,56,193488
50,Emiliano Buendía Stati,Aston Villa,Midfielders,1,203,1,11,27,62,195546
51,Matthew Cash,Aston Villa,Defenders,0,86,1,17,39,51,199796
52,Ezri Konsa Ngoyo,Aston Villa,Defenders,0,26,0,19,21,49,199798
53,Frédéric Guilbert,Aston Villa,Defenders,0,0,0,0,0,45,203368
54,Wesley Moraes,Aston Villa,Forwards,0,0,0,0,1,54,213345
55,Mbwana Ally Samatta,Aston Villa,Forwards,0,0,0,0,0,55,217487
56,Keinan Davis,Aston Villa,Forwards,0,1,0,0,1,44,221239
57,Douglas Luiz Soares de Paulo,Aston Villa,Midfielders,2,176,0,8,25,45,230046
58,Jacob Ramsey,Aston Villa,Midfielders,0,92,1,8,20,45,232653
59,Ashley Young,Aston Villa,Defenders,0,43,0,10,11,47,18892
60,Axel Tuanzebe,Aston Villa,Defenders,0,1,0,10,12,45,180804
61,Danny Ings,Aston Villa,Forwards,2,38,3,14,39,77,84939
62,Leon Bailey,Aston Villa,Midfielders,3,46,1,6,22,64,215711
63,Aaron Ramsey,Aston Villa,Midfielders,0,0,0,0,0,45,447715
64,Jaden Philogene-Bidace,Aston Villa,Midfielders,0,0,0,0,1,50,481624
65,Carney Chukwuemeka,Aston Villa,Midfielders,0,3,0,1,2,45,478912
66,Cameron Archer,Aston Villa,Forwards,0,1,0,0,3,45,433979
67,Viljami Sinisalo,Aston Villa,Goalkeepers,0,0,0,0,0,40,248164
68,Lamare Bogarde,Aston Villa,Defenders,0,0,0,0,0,40,515597
69,Pontus Jansson,Brentford,Defenders,3,29,0,14,43,47,61810
70,Christian Nørgaard,Brentford,Midfielders,1,79,1,14,31,50,128295
71,Ivan Toney,Brentford,Forwards,2,190,2,14,38,67,144485
72,Tariqe Fosu-Henry,Brentford,Midfielders,0,0,0,0,0,51,154138
73,David Raya Martin,Brentford,Goalkeepers,0,0,0,9,34,45,154561
74,Sergi Canós,Brentford,Midfielders,1,118,1,13,34,55,174932
75,Pelenda Joshua Dasilva,Brentford,Midfielders,0,0,0,0,0,53,183656
76,Rico Henry,Brentford,Defenders,0,116,1,14,38,45,194010
77,Vitaly Janelt,Brentford,Midfielders,0,115,1,6,25,50,204580
78,Saman Ghoddos,Brentford,Midfielders,1,54,1,1,14,53,205836
79,Mathias Jensen,Brentford,Midfielders,1,244,0,10,17,49,207283
80,Charlie Goode,Brentford,Defenders,0,31,0,1,1,39,213687
81,Marcus Forss,Brentford,Forwards,0,2,0,4,6,53,216620
82,Mads Roerslev Rasmussen,Brentford,Defenders,0,5,0,1,3,43,226956
83,Mads Bech Sørensen,Brentford,Defenders,0,0,0,0,1,43,228044
84,Ethan Pinnock,Brentford,Defenders,1,89,1,11,43,47,231065
85,Ellery Balcombe,Brentford,Goalkeepers,0,0,0,0,0,40,235448
86,Jan Zamburek,Brentford,Midfielders,0,0,0,0,0,45,420922
87,Patrik Gunnarsson,Brentford,Goalkeepers,0,0,0,0,0,39,434024
88,Halil Dervişoğlu,Brentford,Forwards,0,0,0,0,0,54,434662
89,Bryan Mbeumo,Brentford,Midfielders,0,172,2,10,32,56,446008
90,Mads Bidstrup,Brentford,Midfielders,0,0,0,0,3,45,481405
91,Frank Onyeka,Brentford,Midfielders,0,54,0,11,16,49,428580
92,Kristoffer Ajer,Brentford,Defenders,0,22,0,6,24,45,191866
93,Dominic Thompson,Brentford,Defenders,0,0,0,0,0,44,232247
94,Shandon Baptiste,Brentford,Midfielders,0,8,0,0,6,49,432160
95,Yoane Wissa,Brentford,Midfielders,0,1,2,0,16,59,216646
96,Álvaro Fernández,Brentford,Goalkeepers,0,0,0,5,3,45,240796
97,Finley Stevens,Brentford,Defenders,0,0,0,0,0,40,450550
98,Mathias Jorgensen,Brentford,Defenders,0,45,1,10,12,45,48760
99,Paris Maghoma,Brentford,Midfielders,0,0,0,0,0,45,220695
100,Matthew Cox,Brentford,Goalkeepers,0,0,0,0,0,40,503300
101,Adam Lallana,Brighton,Midfielders,1,92,0,11,23,54,39155
102,Jason Steele,Brighton,Goalkeepers,0,0,0,0,0,40,49262
103,Pascal Groß,Brighton,Midfielders,2,304,0,7,25,59,60307
104,Shane Duffy,Brighton,Defenders,1,20,1,8,42,44,61933
105,Davy Pröpper,Brighton,Midfielders,0,0,0,0,0,45,66242
106,Dan Burn,Brighton,Defenders,0,17,0,4,13,44,78916
107,Lewis Dunk,Brighton,Defenders,0,25,0,12,41,50,83299
108,Solomon March,Brighton,Midfielders,1,148,0,8,19,53,109345
109,Adam Webster,Brighton,Defenders,0,19,0,3,10,44,110735
110,Joël Veltman,Brighton,Defenders,1,106,0,10,23,44,111478
111,Neal Maupay,Brighton,Forwards,0,118,4,9,35,65,115382
112,Leandro Trossard,Brighton,Midfielders,1,265,3,12,51,65,116216
113,Mathew Ryan,Brighton,Goalkeepers,0,0,0,0,0,45,131897
114,Alireza Jahanbakhsh,Brighton,Midfielders,0,0,0,0,0,55,165210
115,Bernardo Fernandes Da Silva Junior,Brighton,Defenders,0,0,0,0,0,40,209362
116,Robert Sánchez,Brighton,Goalkeepers,0,30,0,12,35,46,215059
117,Yves Bissouma,Brighton,Midfielders,1,34,0,7,18,44,227127
118,Tariq Lamptey,Brighton,Defenders,0,53,0,2,4,44,232792
119,Aaron Connolly,Brighton,Forwards,0,1,0,0,2,53,233425
120,Steven Alzate,Brighton,Midfielders,0,24,0,1,3,48,235382
121,Alexis Mac Allister,Brighton,Midfielders,1,58,2,3,27,54,243016
122,Jakub Moder,Brighton,Midfielders,1,77,0,8,19,45,243505
123,Danny Welbeck,Brighton,Forwards,0,17,1,2,14,60,50175
124,Enock Mwepu,Brighton,Midfielders,1,22,1,4,16,59,423649
125,Kjell Scherpen,Brighton,Goalkeepers,0,0,0,0,0,45,240514
126,Florin Andone,Brighton,Forwards,0,0,0,0,0,50,93284
127,Andi Zeqiri,Brighton,Forwards,0,0,0,0,0,45,204676
128,Michal Karbownik,Brighton,Defenders,0,0,0,0,0,40,442229
129,Taylor Richards,Brighton,Midfielders,0,12,0,0,1,45,209045
130,Moisés Caicedo,Brighton,Midfielders,0,0,0,0,0,45,486672
131,Haydon Roberts,Brighton,Defenders,0,0,0,0,0,40,433589
132,Marc Cucurella,Brighton,Defenders,0,200,0,9,27,50,179268
133,Jürgen Locadia,Brighton,Forwards,0,0,0,0,0,44,106757
134,Jeremy Sarmiento,Brighton,Midfielders,0,0,0,0,0,45,441192
135,James Tarkowski,Burnley,Defenders,0,5,1,17,22,49,17761
136,Phil Bardsley,Burnley,Defenders,0,0,0,0,0,39,17997
137,Erik Pieters,Burnley,Defenders,0,2,0,2,3,43,39487
138,Jack Cork,Burnley,Midfielders,0,6,0,8,7,45,40145
139,Dale Stephens,Burnley,Midfielders,0,0,0,0,0,45,40845
140,Kevin Long,Burnley,Defenders,0,0,0,0,0,40,41674
141,Jay Rodriguez,Burnley,Forwards,1,29,0,0,10,53,44683
142,Ashley Barnes,Burnley,Forwards,0,74,0,10,9,53,44699
143,Ben Mee,Burnley,Defenders,0,23,1,13,17,49,51927
144,Ashley Westwood,Burnley,Midfielders,3,230,0,15,28,53,60551
145,Johann Berg Gudmundsson,Burnley,Midfielders,1,102,0,11,19,54,60586
146,Chris Wood,Burnley,Forwards,0,86,2,17,32,67,60689
147,Matthew Lowton,Burnley,Defenders,3,161,1,17,38,44,68983
148,Matej Vydra,Burnley,Forwards,1,25,1,3,19,52,81183
149,Nick Pope,Burnley,Goalkeepers,0,10,0,17,27,54,98747
150,Charlie Taylor,Burnley,Defenders,1,141,0,15,26,44,103914
151,Will Norris,Burnley,Goalkeepers,0,0,0,0,0,44,168399
152,Josh Brownhill,Burnley,Midfielders,0,156,0,15,18,44,172782
153,Josh Benson,Burnley,Midfielders,0,0,0,0,0,45,217401
154,Bailey Peacock-Farrell,Burnley,Goalkeepers,0,0,0,0,0,45,220037
155,Dwight McNeil,Burnley,Midfielders,1,225,0,17,26,58,433154
156,Nathan Collins,Burnley,Defenders,0,22,0,4,8,43,432830
157,Wayne Hennessey,Burnley,Goalkeepers,0,0,0,0,0,45,20066
158,Lewis Richardson,Burnley,Forwards,0,0,0,0,0,45,461096
159,Bobby Thomas,Burnley,Defenders,0,0,0,0,0,40,461102
160,Owen Dodgson,Burnley,Defenders,0,0,0,0,0,40,461567
161,Aaron Lennon,Burnley,Midfielders,0,2,0,1,3,50,17349
162,Maxwel Cornet,Burnley,Midfielders,0,60,4,5,33,60,149519
163,Connor Roberts,Burnley,Defenders,0,0,0,0,0,45,192290
164,César Azpilicueta,Chelsea,Defenders,3,100,0,3,42,59,41328
165,Olivier Giroud,Chelsea,Forwards,0,0,0,0,0,65,44346
166,Thiago Emiliano da Silva,Chelsea,Defenders,0,52,1,3,39,55,51090
167,Marcos Alonso,Chelsea,Defenders,1,177,1,2,39,56,82263
168,Jorge Luiz Frello Filho,Chelsea,Midfielders,1,123,1,3,33,58,85955
169,Ross Barkley,Chelsea,Midfielders,0,88,0,0,6,52,88894
170,Mateo Kovacic,Chelsea,Midfielders,5,189,1,2,46,52,91651
171,Michy Batshuayi,Chelsea,Forwards,0,0,0,0,0,55,94245
172,Antonio Rüdiger,Chelsea,Defenders,1,113,1,4,53,59,102380
173,Kepa Arrizabalaga,Chelsea,Goalkeepers,0,0,0,0,6,48,109745
174,N'Golo Kanté,Chelsea,Midfielders,0,78,1,3,16,49,116594
175,Hakim Ziyech,Chelsea,Midfielders,0,70,0,0,7,73,124183
176,Ruben Loftus-Cheek,Chelsea,Midfielders,3,47,0,2,19,54,126187
177,Andreas Christensen,Chelsea,Defenders,0,57,0,3,36,50,135363
178,Timo Werner,Chelsea,Forwards,1,35,1,2,18,86,165153
179,Benjamin Chilwell,Chelsea,Defenders,0,121,3,2,45,60,172850
180,Tammy Abraham,Chelsea,Forwards,0,0,0,0,0,65,173879
181,Christian Pulisic,Chelsea,Midfielders,0,4,1,0,9,79,176413
182,Mason Mount,Chelsea,Midfielders,3,180,3,1,42,75,184341
183,Ethan Ampadu,Chelsea,Defenders,0,0,0,0,0,45,199598
184,Callum Hudson-Odoi,Chelsea,Midfielders,1,142,1,2,21,53,209046
185,Kai Havertz,Chelsea,Midfielders,1,57,2,2,36,81,219847
186,Reece James,Chelsea,Defenders,3,214,4,2,63,59,225796
187,Edouard Mendy,Chelsea,Goalkeepers,0,0,0,4,53,62,228286
188,Malang Sarr,Chelsea,Defenders,0,3,0,0,8,49,204727
189,Trevoh Chalobah,Chelsea,Defenders,0,29,2,1,44,49,180736
190,Romelu Lukaku,Chelsea,Forwards,0,132,3,3,31,115,66749
191,Emerson Palmieri dos Santos,Chelsea,Defenders,0,0,0,0,1,45,109533
192,Saúl Ñíguez,Chelsea,Midfielders,0,3,0,0,2,51,89335
193,Marcus Bettinelli,Chelsea,Goalkeepers,0,0,0,0,0,40,122074
194,Conor Gallagher,Crystal Palace,Midfielders,4,273,4,11,62,58,232787
195,Vicente Guaita,Crystal Palace,Goalkeepers,0,0,0,14,43,45,40836
196,James Tomkins,Crystal Palace,Defenders,0,0,0,1,1,43,49413
197,James McArthur,Crystal Palace,Midfielders,2,157,0,12,33,45,50471
198,Christian Benteke,Crystal Palace,Forwards,1,120,2,8,30,63,54861
199,Cheikhou Kouyaté,Crystal Palace,Defenders,0,9,0,9,32,45,55037
200,Martin Kelly,Crystal Palace,Defenders,0,0,0,0,0,39,58786
201,Luka Milivojevic,Crystal Palace,Midfielders,0,47,0,4,10,54,66975
202,Jordan Ayew,Crystal Palace,Forwards,1,111,0,11,19,58,80146
203,Wilfried Zaha,Crystal Palace,Midfielders,1,196,4,11,48,70,82403
204,Jeffrey Schlupp,Crystal Palace,Midfielders,0,27,1,3,15,54,86417
205,Jack Butland,Crystal Palace,Goalkeepers,0,0,0,0,0,44,105666
206,Jairo Riedewald,Crystal Palace,Midfielders,0,27,0,5,3,48,173954
207,Jarosław Jach,Crystal Palace,Defenders,0,0,0,0,0,43,185478
208,Jean-Philippe Mateta,Crystal Palace,Forwards,0,1,0,2,2,53,231747
209,Eberechi Eze,Crystal Palace,Midfielders,0,0,0,0,0,59,232413
210,Nathan Ferguson,Crystal Palace,Defenders,0,0,0,0,0,45,232423
211,Tyrick Mitchell,Crystal Palace,Defenders,1,127,0,14,38,45,244723
212,Will Hughes,Crystal Palace,Midfielders,0,0,0,0,0,47,108413
213,Michael Olise,Crystal Palace,Midfielders,2,81,1,3,19,54,443661
214,Joel Ward,Crystal Palace,Defenders,0,42,0,14,32,45,55494
215,Marc Guéhi,Crystal Palace,Defenders,0,24,0,14,34,45,209036
216,Joachim Andersen,Crystal Palace,Defenders,0,53,0,12,31,45,174874
217,Nathaniel Clyne,Crystal Palace,Defenders,0,0,0,0,0,43,57328
218,Reece Hannam,Crystal Palace,Defenders,0,0,0,0,0,40,223824
219,Jesurun Rak-Sakyi,Crystal Palace,Midfielders,0,5,0,0,1,45,450542
220,Robert Street,Crystal Palace,Forwards,0,0,0,0,0,45,448482
221,Scott Banks,Crystal Palace,Midfielders,0,0,0,0,0,45,462831
222,Remi Matthews,Crystal Palace,Goalkeepers,0,0,0,0,0,40,169593
223,Odsonne Edouard,Crystal Palace,Forwards,0,87,3,6,30,65,199670
224,Fabian Delph,Everton,Midfielders,0,16,0,0,2,44,41823
225,Gylfi Sigurdsson,Everton,Midfielders,0,0,0,0,0,68,55422
226,Seamus Coleman,Everton,Defenders,1,69,0,12,22,49,59949
227,James Rodríguez,Everton,Midfielders,0,0,0,0,0,69,60025
228,Bernard Anício Caldeira Duarte,Everton,Midfielders,0,0,0,0,0,55,100649
229,Lucas Digne,Everton,Defenders,0,266,0,14,24,51,101188
230,Michael Keane,Everton,Defenders,2,64,1,16,47,50,106611
231,Jordan Pickford,Everton,Goalkeepers,0,13,0,13,32,50,111234
232,Allan Marques Loureiro,Everton,Midfielders,2,127,0,15,32,46,119765
233,André Filipe Tavares Gomes,Everton,Midfielders,0,18,0,3,3,49,120250
234,Abdoulaye Doucouré,Everton,Midfielders,4,121,2,9,45,54,121599
235,Alex Iwobi,Everton,Midfielders,1,119,1,12,25,58,153133
236,Yerry Mina,Everton,Defenders,0,1,0,7,12,49,164511
237,Tom Davies,Everton,Midfielders,0,8,1,5,11,49,173807
238,Dominic Calvert-Lewin,Everton,Forwards,0,40,3,3,23,80,177815
239,Mason Holgate,Everton,Defenders,0,1,0,3,7,42,194164
240,Ben Godfrey,Everton,Defenders,0,64,0,13,19,48,198826
241,Richarlison de Andrade,Everton,Forwards,1,103,2,10,23,74,212319
242,João Virgínia,Everton,Goalkeepers,0,0,0,0,0,40,222627
243,Asmir Begović,Everton,Goalkeepers,0,0,0,3,1,40,40349
244,Andros Townsend,Everton,Midfielders,2,334,3,14,52,56,60252
245,Demarai Gray,Everton,Midfielders,2,234,3,12,48,57,172632
246,Jonjoe Kenny,Everton,Defenders,0,0,0,0,1,44,153673
247,Anthony Gordon,Everton,Midfielders,0,76,0,3,10,45,232826
248,Jean-Philippe Gbamin,Everton,Midfielders,0,0,0,2,2,45,160987
249,Jarrad Branthwaite,Everton,Defenders,0,0,0,0,0,40,480455
250,Nathan Broadhead,Everton,Forwards,0,0,0,0,0,45,173818
251,Moise Kean,Everton,Forwards,0,0,0,0,1,60,242058
252,Niels Nkounkou,Everton,Defenders,0,0,0,0,0,40,495542
253,Andy Lonergan,Everton,Goalkeepers,0,0,0,0,0,40,11948
254,Salomón Rondón,Everton,Forwards,0,48,0,7,11,60,57134
255,Ellis Simms,Everton,Forwards,0,0,0,0,0,45,218997
256,Lewis Dobbin,Everton,Forwards,0,1,0,0,2,45,461421
257,Charlie Whitaker,Everton,Midfielders,0,0,0,0,0,45,491556
258,Harry Tyrer,Everton,Goalkeepers,0,0,0,0,0,40,447325
259,Cenk Tosun,Everton,Forwards,0,0,0,0,0,50,66838
260,Reece Welch,Everton,Defenders,0,0,0,0,0,40,474907
261,Kasper Schmeichel,Leicester,Goalkeepers,0,0,0,18,31,50,17745
262,Jonny Evans,Leicester,Defenders,0,2,0,7,6,54,37642
263,Marc Albrighton,Leicester,Midfielders,0,42,1,2,10,52,51938
264,Nampalys Mendy,Leicester,Midfielders,0,0,0,0,0,44,86881
265,Danny Ward,Leicester,Goalkeepers,0,0,0,0,0,40,95463
266,Jamie Vardy,Leicester,Forwards,1,137,7,16,60,108,101668
267,Dennis Praet,Leicester,Midfielders,0,0,0,0,0,49,106837
268,Ricardo Domingos Barbosa Pereira,Leicester,Defenders,2,84,0,12,21,53,111931
269,Daniel Amartey,Leicester,Defenders,0,18,0,10,12,39,155569
270,Timothy Castagne,Leicester,Defenders,0,61,0,10,13,53,166477
271,Youri Tielemans,Leicester,Midfielders,2,332,3,18,51,65,166989
272,Ayoze Pérez,Leicester,Midfielders,2,78,0,5,9,58,168580
273,James Maddison,Leicester,Midfielders,0,98,1,11,25,66,172780
274,Kelechi Iheanacho,Leicester,Forwards,2,107,1,6,26,70,173515
275,Hamza Choudhury,Leicester,Midfielders,0,2,0,0,1,44,197469
276,Harvey Barnes,Leicester,Midfielders,1,108,1,11,27,65,201666
277,Wilfred Ndidi,Leicester,Midfielders,0,19,0,11,13,48,203341
278,Çaglar Söyüncü,Leicester,Defenders,0,9,1,18,23,49,218031
279,James Justin,Leicester,Defenders,0,0,0,0,0,49,220627
280,Luke Thomas,Leicester,Defenders,0,32,0,7,10,43,244619
281,Wesley Fofana,Leicester,Defenders,0,0,0,0,0,43,444463
282,Jannik Vestergaard,Leicester,Defenders,0,14,0,6,11,48,93100
283,Patson Daka,Leicester,Forwards,1,26,1,4,12,71,245419
284,Boubakary Soumaré,Leicester,Midfielders,1,60,0,13,19,48,225902
285,Ryan Bertrand,Leicester,Defenders,0,15,0,7,4,47,40146
286,Kiernan Dewsbury-Hall,Leicester,Midfielders,0,12,0,0,2,45,215413
287,Eldin Jakupovic,Leicester,Goalkeepers,0,0,0,0,0,40,11974
288,Ademola Lookman,Leicester,Midfielders,0,91,0,6,10,60,219352
289,Pablo Hernández Domínguez,Leeds,Midfielders,0,0,0,0,0,55,28690
290,Francisco Casilla Cortés,Leeds,Goalkeepers,0,0,0,0,0,45,39790
291,Liam Cooper,Leeds,Defenders,1,39,0,18,22,45,55914
292,Luke Ayling,Leeds,Defenders,0,33,1,12,12,43,66588
293,Mateusz Klich,Leeds,Midfielders,1,164,1,12,25,54,72222
294,Rodrigo Moreno,Leeds,Forwards,0,241,2,10,26,63,80954
295,Stuart Dallas,Leeds,Midfielders,1,185,0,18,27,51,87873
296,Patrick Bamford,Leeds,Forwards,2,44,1,12,21,77,106617
297,Diego Llorente,Leeds,Defenders,0,17,1,6,24,45,149915
298,Kalvin Phillips,Leeds,Midfielders,1,92,0,11,19,48,155405
299,Hélder Wander Sousa de Azevedo e Costa,Leeds,Midfielders,0,0,0,0,1,54,165808
300,Tyler Roberts,Leeds,Midfielders,0,101,0,4,10,48,173821
301,Robin Koch,Leeds,Defenders,0,0,0,5,0,43,193645
302,Ian Carlo Poveda-Ocampo,Leeds,Midfielders,0,0,0,0,0,45,215460
303,Raphael Dias Belloli,Leeds,Midfielders,0,316,5,16,50,66,219961
304,Jamie Shackleton,Leeds,Midfielders,1,27,0,5,15,45,221610
305,Pascal Struijk,Leeds,Defenders,0,17,0,14,7,44,222694
306,Illan Meslier,Leeds,Goalkeepers,0,0,0,18,29,50,437495
307,Jack Harrison,Leeds,Midfielders,0,166,0,16,15,56,221399
308,Daniel James,Leeds,Midfielders,1,77,0,7,21,60,200617
309,Héctor Junior Firpo Adames,Leeds,Defenders,0,82,0,12,8,48,443967
310,Kristoffer Klaesson,Leeds,Goalkeepers,0,0,0,0,0,44,223081
311,Sam Greenwood,Leeds,Forwards,0,0,0,0,0,45,248937
312,Crysencio Summerville,Leeds,Midfielders,0,7,0,0,4,45,450070
313,Adam Forshaw,Leeds,Midfielders,0,34,0,1,4,45,80179
314,Cody Drameh,Leeds,Defenders,0,0,0,0,0,40,433590
315,Charlie Cresswell,Leeds,Defenders,0,0,0,2,2,40,492373
316,Liam McCarron,Leeds,Midfielders,0,0,0,0,0,45,464618
317,Joe Gelhardt,Leeds,Forwards,1,11,0,0,5,45,462635
318,Nohan Kenneh,Leeds,Midfielders,0,0,0,0,0,44,469249
319,Stuart McKinstry,Leeds,Midfielders,0,0,0,0,0,44,473342
320,Leo Fuhr Hjelde,Leeds,Defenders,0,0,0,0,0,40,477547
321,Lewis Bate,Leeds,Midfielders,0,0,0,0,0,45,450529
322,James Milner,Liverpool,Midfielders,1,115,0,1,14,49,15157
323,Jordan Henderson,Liverpool,Midfielders,2,242,1,11,38,50,56979
324,Adrián San Miguel del Castillo,Liverpool,Goalkeepers,0,0,0,0,0,44,60706
325,Joel Matip,Liverpool,Defenders,0,41,0,9,29,50,60914
326,Thiago Alcántara do Nascimento,Liverpool,Midfielders,1,68,0,1,13,53,61558
327,Xherdan Shaqiri,Liverpool,Midfielders,0,0,0,0,0,59,68312
328,Alex Oxlade-Chamberlain,Liverpool,Midfielders,1,66,0,4,15,58,81880
329,Roberto Firmino,Liverpool,Forwards,1,110,4,6,35,88,92217
330,Virgil van Dijk,Liverpool,Defenders,1,74,0,11,49,67,97032
331,Sadio Mané,Liverpool,Midfielders,1,207,6,11,59,119,110979
332,Alisson Ramses Becker,Liverpool,Goalkeepers,0,0,0,11,43,60,116535
333,Fabio Henrique Tavares,Liverpool,Midfielders,1,46,1,9,21,54,116643
334,Mohamed Salah,Liverpool,Midfielders,8,348,10,11,117,130,118748
335,Andrew Robertson,Liverpool,Defenders,1,191,0,11,26,70,122798
336,Divock Origi,Liverpool,Forwards,0,1,1,0,6,49,152760
337,Takumi Minamino,Liverpool,Midfielders,0,1,0,0,1,51,157882
338,Trent Alexander-Arnold,Liverpool,Defenders,4,466,1,9,64,77,169187
339,Joseph Gomez,Liverpool,Defenders,0,0,0,1,2,47,171287
340,Naby Keita,Liverpool,Midfielders,1,72,2,0,30,50,175592
341,Diogo Jota,Liverpool,Midfielders,1,204,4,6,46,75,194634
342,Nathaniel Phillips,Liverpool,Defenders,0,0,0,0,0,42,197464
343,Caoimhin Kelleher,Liverpool,Goalkeepers,0,0,0,0,6,44,200720
344,Ibrahima Konaté,Liverpool,Defenders,0,5,0,2,13,51,204716
345,Curtis Jones,Liverpool,Midfielders,1,56,1,6,21,50,206915
346,Konstantinos Tsimikas,Liverpool,Defenders,1,144,0,0,24,39,214285
347,Neco Williams,Liverpool,Defenders,1,11,0,0,4,39,215136
348,Rhys Williams,Liverpool,Defenders,0,0,0,0,0,44,219937
349,Ben Davies,Liverpool,Defenders,0,0,0,0,0,40,152898
350,Harvey Elliott,Liverpool,Midfielders,0,81,0,1,9,53,444884
351,Ben Woodburn,Liverpool,Midfielders,0,0,0,0,0,45,182436
352,Tyler Morton,Liverpool,Midfielders,0,0,0,0,0,45,440148
353,Jack Grealish,Man City,Midfielders,2,334,1,3,34,77,114283
354,Kyle Walker,Man City,Defenders,0,80,0,5,37,55,58621
355,Ilkay Gündogan,Man City,Midfielders,0,241,2,1,32,72,59859
356,Kevin De Bruyne,Man City,Midfielders,0,208,2,4,29,119,61366
357,John Stones,Man City,Defenders,0,2,0,1,13,53,97299
358,Benjamin Mendy,Man City,Defenders,0,29,0,1,3,53,102826
359,Riyad Mahrez,Man City,Midfielders,1,140,2,2,24,86,103025
360,Raheem Sterling,Man City,Midfielders,0,87,1,3,19,106,103955
361,João Pedro Cavaco Cancelo,Man City,Defenders,4,225,0,5,67,65,121145
362,Ederson Santana de Moraes,Man City,Goalkeepers,0,0,0,6,43,60,121160
363,Nathan Aké,Man City,Defenders,0,12,0,1,14,48,126184
364,Aymeric Laporte,Man City,Defenders,0,51,1,5,35,55,146941
365,Zack Steffen,Man City,Goalkeepers,0,0,0,0,7,45,164484
366,Bernardo Mota Veiga de Carvalho e Silva,Man City,Midfielders,2,214,3,5,49,71,165809
367,Rúben Santos Gato Alves Dias,Man City,Defenders,1,110,0,6,49,61,171314
368,Gabriel Fernando de Jesus,Man City,Forwards,5,252,2,5,50,87,205651
369,Oleksandr Zinchenko,Man City,Defenders,0,8,0,0,2,53,206325
370,Phil Foden,Man City,Midfielders,2,190,3,5,40,83,209244
371,Rodrigo Hernandez,Man City,Midfielders,0,149,1,5,27,55,220566
372,Ferran Torres,Man City,Midfielders,1,30,2,1,26,67,224444
373,Fernando Luiz Rosa,Man City,Midfielders,0,42,0,2,9,48,27789
374,Cole Palmer,Man City,Midfielders,0,3,0,0,2,45,244851
375,Samuel Edozie,Man City,Midfielders,0,0,0,0,0,48,490503
376,Tommy Doyle,Man City,Midfielders,0,0,0,0,0,45,220394
377,Scott Carson,Man City,Goalkeepers,0,0,0,0,0,39,17601
378,Luke Mbete,Man City,Defenders,0,0,0,0,0,40,439510
379,Joshua Wilson-Esbrand,Man City,Defenders,0,0,0,0,0,40,447880
380,Romeo Lavia,Man City,Midfielders,0,0,0,0,0,45,514356
381,Cieran Slicker,Man City,Goalkeepers,0,0,0,0,0,40,434044
382,Edinson Cavani,Man Utd,Forwards,0,19,1,1,12,84,40720
383,David de Gea,Man Utd,Goalkeepers,0,0,0,17,39,50,51940
384,Nemanja Matic,Man Utd,Midfielders,2,75,0,4,15,45,62398
385,Paul Pogba,Man Utd,Midfielders,7,214,0,10,35,75,74208
386,Harry Maguire,Man Utd,Defenders,0,12,0,15,26,54,95658
387,Frederico Rodrigues de Paula Santos,Man Utd,Midfielders,0,109,1,12,19,49,101582
388,Luke Shaw,Man Utd,Defenders,1,361,0,16,25,52,106760
389,Jesse Lingard,Man Utd,Midfielders,0,26,2,2,16,68,109322
390,Bruno Miguel Borges Fernandes,Man Utd,Midfielders,3,524,4,17,52,117,141746
391,Anthony Martial,Man Utd,Forwards,0,12,1,1,11,76,148225
392,Alex Nicolao Telles,Man Utd,Defenders,0,0,0,0,1,50,152590
393,Dean Henderson,Man Utd,Goalkeepers,0,0,0,0,0,48,172649
394,Marcus Rashford,Man Utd,Midfielders,0,5,2,8,15,94,176297
395,Donny van de Beek,Man Utd,Midfielders,0,0,0,0,2,57,180184
396,Victor Lindelöf,Man Utd,Defenders,2,34,0,15,19,48,184667
397,Scott McTominay,Man Utd,Midfielders,0,111,0,12,18,54,195851
398,Eric Bailly,Man Utd,Defenders,0,1,0,2,-2,49,197365
399,Aaron Wan-Bissaka,Man Utd,Defenders,0,140,0,17,26,52,214590
400,Mason Greenwood,Man Utd,Midfielders,1,187,4,14,46,74,220688
401,Juan Mata,Man Utd,Midfielders,0,0,0,0,0,48,43670
402,Jadon Sancho,Man Utd,Midfielders,0,121,0,3,12,89,209243
403,Tom Heaton,Man Utd,Goalkeepers,0,0,0,0,0,40,21205
404,José Diogo Dalot Teixeira,Man Utd,Defenders,0,32,0,1,2,44,216051
405,Andreas Pereira,Man Utd,Midfielders,0,0,0,0,0,50,156689
406,Anthony Elanga,Man Utd,Midfielders,0,0,0,0,0,48,449434
407,Raphaël Varane,Man Utd,Defenders,1,27,0,4,26,55,90152
408,Cristiano Ronaldo dos Santos Aveiro,Man Utd,Forwards,1,112,4,15,38,124,14937
409,Joseph Willock,Newcastle,Midfielders,0,42,0,14,15,58,200089
410,Jonjo Shelvey,Newcastle,Midfielders,0,26,0,5,1,53,50232
411,Matt Ritchie,Newcastle,Defenders,1,367,0,24,12,49,56983
412,Ciaran Clark,Newcastle,Defenders,1,49,0,19,14,44,58845
413,Karl Darlow,Newcastle,Goalkeepers,0,0,0,12,19,45,59735
414,Martin Dubravka,Newcastle,Goalkeepers,0,0,0,0,0,44,67089
415,Callum Wilson,Newcastle,Forwards,0,41,4,14,32,73,75115
416,Jeff Hendrick,Newcastle,Midfielders,0,2,1,2,7,48,83314
417,Ryan Fraser,Newcastle,Midfielders,1,19,0,3,12,53,90105
418,Jamaal Lascelles,Newcastle,Defenders,0,32,0,17,6,44,101148
419,Dwight Gayle,Newcastle,Forwards,0,2,0,0,3,53,104547
420,Paul Dummett,Newcastle,Defenders,0,0,0,0,0,45,106618
421,Javier Manquillo,Newcastle,Defenders,2,44,1,13,20,40,109528
422,Emil Krafth,Newcastle,Defenders,1,14,0,9,10,43,111773
423,Jacob Murphy,Newcastle,Midfielders,2,39,1,11,22,49,114243
424,Fabian Schär,Newcastle,Defenders,0,8,0,4,0,43,119471
425,Isaac Hayden,Newcastle,Midfielders,0,32,1,19,24,45,153127
426,Allan Saint-Maximin,Newcastle,Forwards,3,242,2,24,45,68,170137
427,Miguel Almirón,Newcastle,Midfielders,0,131,0,19,17,52,179018
428,Sean Longstaff,Newcastle,Midfielders,0,67,1,18,22,45,180135
429,Joelinton Cássio Apolinário de Lira,Newcastle,Forwards,1,86,0,13,16,58,180974
430,Jamal Lewis,Newcastle,Defenders,0,0,0,1,1,43,194799
431,Matthew Longstaff,Newcastle,Midfielders,0,0,0,0,0,45,223175
432,Federico Fernández,Newcastle,Defenders,0,14,0,11,5,43,57145
433,Freddie Woodman,Newcastle,Goalkeepers,0,0,0,12,9,45,155503
434,Mark Gillespie,Newcastle,Goalkeepers,0,0,0,0,0,40,81441
435,Joe White,Newcastle,Midfielders,0,0,0,0,0,45,461484
436,Elliot Anderson,Newcastle,Midfielders,0,0,0,0,0,45,215379
437,Billy Gilmour,Norwich,Midfielders,0,57,0,13,9,44,243568
438,Brandon Williams,Norwich,Defenders,0,55,0,13,4,40,232937
439,Michael McGovern,Norwich,Goalkeepers,0,0,0,0,0,40,18499
440,Tim Krul,Norwich,Goalkeepers,0,0,0,26,32,45,20480
441,Teemu Pukki,Norwich,Forwards,0,76,3,24,37,58,57127
442,Marco Stiepermann,Norwich,Midfielders,0,0,0,0,0,50,71738
443,Lukas Rupp,Norwich,Midfielders,0,20,0,7,8,44,76306
444,Kenny McLean,Norwich,Midfielders,0,34,0,21,20,49,78607
445,Grant Hanley,Norwich,Defenders,0,47,0,25,18,44,83428
446,Onel Hernández,Norwich,Midfielders,0,0,0,0,0,49,89470
447,Sam Byram,Norwich,Defenders,0,0,0,0,0,44,113564
448,Jordan Hugill,Norwich,Forwards,0,0,0,0,0,54,167522
449,Kieran Dowell,Norwich,Midfielders,0,53,0,3,8,52,171270
450,Christoph Zimmermann,Norwich,Defenders,0,0,0,0,0,44,192303
451,Todd Cantwell,Norwich,Midfielders,0,42,0,12,6,53,193111
452,Max Aarons,Norwich,Defenders,0,131,0,26,17,43,232980
453,Jacob Sørensen,Norwich,Defenders,0,0,0,0,0,43,235546
454,Przemyslaw Placheta,Norwich,Midfielders,0,0,0,0,1,48,428626
455,Adam Idah,Norwich,Forwards,0,16,0,0,8,49,432735
456,Josh Martin,Norwich,Midfielders,0,0,0,0,0,50,439485
457,Andrew Omobamidele,Norwich,Defenders,0,2,1,6,13,39,466404
458,Angus Gunn,Norwich,Goalkeepers,0,0,0,0,0,40,107265
459,Milot Rashica,Norwich,Midfielders,1,139,0,21,20,52,212723
460,Ben Gibson,Norwich,Defenders,0,14,0,20,13,44,83312
461,Dimitris Giannoulis,Norwich,Defenders,0,41,0,8,16,44,189627
462,Pierre Lees-Melou,Norwich,Midfielders,1,153,0,16,19,49,212325
463,Bali Mumba,Norwich,Defenders,0,3,0,3,0,40,220686
464,Joshua Sargent,Norwich,Forwards,0,89,0,13,16,54,215476
465,Christos Tzolis,Norwich,Midfielders,0,47,0,3,5,48,439509
466,Ozan Kabak,Norwich,Defenders,0,12,0,13,13,45,438277
467,Mathias Normann,Norwich,Midfielders,1,94,1,13,24,45,179276
468,Theo Walcott,Southampton,Midfielders,0,15,0,5,7,58,20467
469,Fraser Forster,Southampton,Goalkeepers,0,0,0,0,0,44,40383
470,Alex McCarthy,Southampton,Goalkeepers,0,0,0,12,47,46,58376
471,Oriol Romeu Vidal,Southampton,Midfielders,0,140,0,10,22,45,78056
472,Nathan Redmond,Southampton,Midfielders,2,252,0,6,29,59,83283
473,Jack Stephens,Southampton,Defenders,0,26,0,6,9,44,88900
474,Stuart Armstrong,Southampton,Midfielders,0,62,0,0,4,58,91047
475,James Ward-Prowse,Southampton,Midfielders,0,253,2,10,29,63,101178
476,Kyle Walker-Peters,Southampton,Defenders,0,105,0,6,24,48,158534
477,Jan Bednarek,Southampton,Defenders,0,15,0,7,35,44,171771
478,Daniel N'Lundulu,Southampton,Forwards,0,0,0,0,0,45,200088
479,Che Adams,Southampton,Forwards,2,116,1,6,26,68,200439
480,Nathan Tella,Southampton,Midfielders,0,6,0,2,4,47,203389
481,William Smallbone,Southampton,Midfielders,0,0,0,0,0,45,214466
482,Michael Obafemi,Southampton,Forwards,0,0,0,0,0,45,220598
483,Ibrahima Diallo,Southampton,Midfielders,1,32,0,6,15,45,240143
484,Moussa Djenepo,Southampton,Midfielders,0,76,0,7,8,53,431131
485,Mohammed Salisu,Southampton,Defenders,0,53,0,12,32,45,450527
486,Romain Perraud,Southampton,Defenders,0,46,0,6,18,49,244560
487,Tino Livramento,Southampton,Defenders,1,150,1,12,48,45,441191
488,Mohamed Elyounoussi,Southampton,Midfielders,0,93,1,6,27,55,96787
489,Armando Broja,Southampton,Forwards,0,17,2,3,21,50,440323
490,Shane Long,Southampton,Forwards,0,0,0,0,1,54,20452
491,Adam Armstrong,Southampton,Forwards,2,107,2,10,36,59,155511
492,Yan Valery,Southampton,Defenders,0,0,0,0,0,40,213482
493,Lyanco Evangelista Silveira Neves Vojnovic,Southampton,Defenders,0,0,0,0,2,45,212721
494,Joe Hart,Spurs,Goalkeepers,0,0,0,0,0,45,15749
495,Hugo Lloris,Spurs,Goalkeepers,0,23,0,16,46,54,37915
496,Toby Alderweireld,Spurs,Defenders,0,0,0,0,0,50,55605
497,Erik Lamela,Spurs,Midfielders,0,0,0,0,0,60,62974
498,Harry Kane,Spurs,Forwards,1,116,1,16,27,122,78830
499,Serge Aurier,Spurs,Defenders,0,0,0,0,0,49,80226
500,Heung-Min Son,Spurs,Midfielders,2,284,4,13,58,103,85971
501,Matt Doherty,Spurs,Defenders,0,5,0,0,2,47,87835
502,Eric Dier,Spurs,Defenders,0,39,0,13,36,45,93264
503,Lucas Rodrigues Moura da Silva,Spurs,Midfielders,0,161,0,11,19,64,95715
504,Bamidele Alli,Spurs,Midfielders,0,18,1,10,20,64,108823
505,Ben Davies,Spurs,Defenders,0,16,0,6,6,44,115556
506,Pierre-Emile Højbjerg,Spurs,Midfielders,1,110,1,16,36,49,132015
507,Harry Winks,Spurs,Midfielders,0,1,0,0,2,44,157668
508,Davinson Sánchez,Spurs,Defenders,0,4,0,4,21,45,173904
509,Ryan Sessegnon,Spurs,Defenders,0,0,0,0,0,43,184349
510,Steven Bergwijn,Spurs,Midfielders,2,51,0,2,17,59,194252
511,Sergio Reguilón,Spurs,Defenders,2,177,0,13,41,50,199249
512,Japhet Tanganga,Spurs,Defenders,0,37,0,6,14,43,199584
513,Giovani Lo Celso,Spurs,Midfielders,0,73,0,4,9,59,200826
514,Oliver Skipp,Spurs,Midfielders,0,50,0,10,19,45,209042
515,Joe Rodon,Spurs,Defenders,0,0,0,3,1,43,214225
516,Tanguy Ndombele,Spurs,Midfielders,0,66,1,10,16,58,231372
517,Pierluigi Gollini,Spurs,Goalkeepers,0,0,0,0,0,43,156683
518,Bryan Gil Salvatierra,Spurs,Midfielders,0,5,0,1,5,57,436234
519,Cristian Romero,Spurs,Defenders,0,7,0,9,13,49,221632
520,Dane Scarlett,Spurs,Forwards,0,0,0,0,0,45,490145
521,Emerson Aparecido Leite de Souza Junior,Spurs,Defenders,0,73,0,13,14,49,241157
522,Dilan Markanday,Spurs,Midfielders,0,0,0,0,0,45,232456
523,Tobi Omole,Spurs,Defenders,0,0,0,0,0,40,209418
524,Moussa Sissoko,Watford,Midfielders,0,129,0,15,16,45,45268
525,Ben Foster,Watford,Goalkeepers,0,0,0,12,23,41,9089
526,Danny Rose,Watford,Defenders,0,79,0,11,7,42,38290
527,Dan Gosling,Watford,Midfielders,0,0,0,2,1,48,40387
528,Craig Cathcart,Watford,Defenders,1,19,0,16,13,44,41338
529,Troy Deeney,Watford,Forwards,0,11,0,1,2,54,41725
530,Tom Cleverley,Watford,Midfielders,1,83,0,8,13,48,43250
531,Francisco Femenía Far,Watford,Defenders,1,41,0,8,8,43,54484
532,Andre Gray,Watford,Forwards,0,0,0,0,0,54,73426
533,Christian Kabasele,Watford,Defenders,0,0,0,4,3,43,85624
534,Nathaniel Chalobah,Watford,Midfielders,0,0,0,0,0,50,89085
535,William Troost-Ekong,Watford,Defenders,0,14,0,18,12,44,131304
536,Stipe Perica,Watford,Forwards,0,0,0,0,0,45,140941
537,Daniel Bachmann,Watford,Goalkeepers,0,0,0,7,8,43,154506
538,Adam Masina,Watford,Defenders,0,53,0,10,7,43,155651
539,Ken Sema,Watford,Midfielders,0,44,0,5,7,52,157775
540,Philip Zinckernagel,Watford,Midfielders,0,0,0,0,0,55,162344
541,Isaac Success Ajayi,Watford,Forwards,0,0,0,0,0,50,173514
542,Ayotomiwa Dele-Bashiru,Watford,Midfielders,0,0,0,0,0,45,175353
543,Ashley Fletcher,Watford,Forwards,0,0,0,0,2,49,176296
544,Francisco Sierralta,Watford,Defenders,0,0,0,4,3,43,208973
545,Domingos Quina,Watford,Midfielders,0,0,0,0,0,45,216058
546,Marc Navarro,Watford,Defenders,0,0,0,0,0,40,220166
547,Ismaila Sarr,Watford,Midfielders,0,155,4,19,48,61,232185
548,Jeremy Ngakia,Watford,Defenders,0,22,0,6,8,43,232391
549,Ben Wilmot,Watford,Defenders,0,0,0,0,0,45,241289
550,Joseph Hungbo,Watford,Midfielders,0,0,0,0,0,45,244890
551,Imrân Louza,Watford,Midfielders,0,11,0,2,1,52,471471
552,João Pedro Junqueira de Jesus,Watford,Forwards,1,60,0,2,8,54,475168
553,Kwadwo Baah,Watford,Midfielders,0,0,0,0,0,44,493934
554,Emmanuel Dennis,Watford,Forwards,3,139,3,13,40,52,230251
555,Matthew Pollock,Watford,Defenders,0,0,0,0,0,40,467311
556,Oghenekaro Peter Etebo,Watford,Midfielders,0,32,0,6,7,44,227560
557,Joshua King,Watford,Forwards,3,174,3,8,39,56,78007
558,Adedapo Awokoya-Mebude,Watford,Forwards,0,0,0,0,0,45,243569
559,Juan Camilo Hernández Suárez,Watford,Forwards,1,97,1,12,18,50,244716
560,Juraj Kucka,Watford,Midfielders,0,47,1,15,21,55,69143
561,Ozan Tufan,Watford,Midfielders,0,52,0,4,6,50,130036
562,Robert Elliot,Watford,Goalkeepers,0,0,0,0,0,40,19838
563,Nicolas Nkoulou,Watford,Defenders,0,10,0,1,3,45,52775
564,Kurt Zouma,West Ham,Defenders,0,4,1,8,26,54,103192
565,Mark Noble,West Ham,Midfielders,0,0,0,0,0,44,18073
566,Darren Randolph,West Ham,Goalkeepers,0,0,0,0,0,44,32259
567,Lukasz Fabianski,West Ham,Goalkeepers,0,0,0,13,37,50,37096
568,Angelo Ogbonna,West Ham,Defenders,0,5,1,11,40,50,40669
569,Winston Reid,West Ham,Defenders,0,0,0,0,0,39,48717
570,Aaron Cresswell,West Ham,Defenders,2,231,1,13,48,55,55459
571,Andriy Yarmolenko,West Ham,Midfielders,0,14,0,1,7,52,56377
572,Michail Antonio,West Ham,Forwards,4,276,6,11,61,82,57531
573,Craig Dawson,West Ham,Defenders,0,15,0,7,14,49,60232
574,Ryan Fredericks,West Ham,Defenders,0,0,0,0,1,44,81012
575,Manuel Lanzini,West Ham,Midfielders,1,15,0,1,8,58,86934
576,Arthur Masuaku,West Ham,Defenders,0,0,0,0,1,44,105717
577,Vladimir Coufal,West Ham,Defenders,1,137,0,10,19,48,164555
578,Saïd Benrahma,West Ham,Midfielders,3,235,3,12,57,64,172841
579,Jarrod Bowen,West Ham,Midfielders,6,288,2,13,55,63,178186
580,Declan Rice,West Ham,Midfielders,3,169,1,13,41,50,204480
581,Tomas Soucek,West Ham,Midfielders,1,91,1,13,35,58,215439
582,Pablo Fornals,West Ham,Midfielders,2,270,4,13,51,60,217593
583,Issa Diop,West Ham,Defenders,0,0,0,0,0,43,219924
584,Ben Johnson,West Ham,Defenders,0,40,1,3,23,40,222018
585,Alphonse Areola,West Ham,Goalkeepers,0,0,0,0,0,48,84182
586,Frederik Alves,West Ham,Defenders,0,0,0,0,0,40,486870
587,Conor Coventry,West Ham,Midfielders,0,0,0,0,0,45,222017
588,Jamal Baptiste,West Ham,Defenders,0,0,0,0,0,40,462384
589,Nikola Vlasic,West Ham,Midfielders,0,15,0,1,5,58,180151
590,Alex Kral,West Ham,Midfielders,0,0,0,0,0,44,195728
591,Harrison Ashby,West Ham,Defenders,0,0,0,0,0,40,441024
592,João Filipe Iria Santos Moutinho,Wolves,Midfielders,0,239,0,11,24,50,19624
593,Rui Pedro dos Santos Patrício,Wolves,Goalkeepers,0,0,0,0,0,50,38533
594,Willy Boly,Wolves,Defenders,0,0,0,0,0,49,90585
595,Conor Coady,Wolves,Defenders,0,7,1,12,32,45,94147
596,Raúl Jiménez,Wolves,Forwards,3,256,2,10,43,77,102057
597,Romain Saïss,Wolves,Defenders,0,35,1,12,30,50,107613
598,Fernando Marçal,Wolves,Defenders,2,67,0,8,29,44,111291
599,Jonathan Castro Otto,Wolves,Defenders,0,0,0,0,0,45,114128
600,Leander Dendoncker,Wolves,Midfielders,1,40,0,3,13,48,151589
601,Adama Traoré,Wolves,Midfielders,1,190,0,8,22,58,159533
602,Rúben Diogo da Silva Neves,Wolves,Midfielders,0,197,1,12,25,54,171317
603,Nélson Cabral Semedo,Wolves,Defenders,0,97,0,10,26,49,200402
604,Daniel Castelo Podence,Wolves,Midfielders,1,40,0,3,13,55,200600
605,Max Kilman,Wolves,Defenders,0,34,1,12,31,45,214048
606,Morgan Gibbs-White,Wolves,Midfielders,0,1,0,0,1,45,222531
607,Pedro Lomba Neto,Wolves,Midfielders,0,0,0,0,0,64,247632
608,Owen Otasowie,Wolves,Midfielders,0,0,0,0,0,45,250604
609,Ki-Jana Hoever,Wolves,Defenders,0,17,0,2,3,39,441271
610,Andreas Söndergaard,Wolves,Goalkeepers,0,0,0,0,0,40,448487
611,Fabio Silva,Wolves,Forwards,0,11,0,0,7,57,449988
612,Yerson Mosquera Valdelamar,Wolves,Defenders,0,0,0,0,0,45,501837
613,John Ruddy,Wolves,Goalkeepers,0,0,0,0,0,44,19236
614,Francisco Machado Mota de Castro Trincão,Wolves,Midfielders,0,107,0,7,18,58,222564
615,Rayan Ait Nouri,Wolves,Defenders,1,42,0,3,12,43,448514
616,José Malheiro de Sá,Wolves,Goalkeepers,1,30,0,12,40,50,149065
617,Patrick Cutrone,Wolves,Forwards,0,0,0,0,0,50,209353
618,Luke Cundle,Wolves,Midfielders,0,0,0,0,0,45,245923
619,Chem Campbell,Wolves,Midfielders,0,0,0,0,0,45,461026
620,Christian Marques,Wolves,Defenders,0,0,0,0,0,40,481626
621,Hee-Chan Hwang,Wolves,Forwards,0,55,4,7,38,58,184754
622,Louie Moulden,Wolves,Goalkeepers,0,0,0,0,0,40,242510
623,James Storer,Wolves,Goalkeepers,0,0,0,0,0,40,518504
